, Risk Free,Country Risk,Equity Risk,Lenders Margin,Technology Risk,Year,Technology
0,3.2881991999999998,0.7895519999999998,1.06368,1.0897599999999998,1.4013,2005,solar
1,4.04340028128,0.7627520000000003,1.0762720000000003,1.24928,1.4932,2006,solar
2,3.9040542811200005,0.6662320000000003,1.0384720000000005,1.25312,1.4878000000000005,2007,solar
3,3.10464028224,1.3489280000000003,1.1680000000000001,1.22624,1.5256,2008,solar
4,2.7496690814400004,0.8596079999999999,0.9972000000000001,1.24544,1.4986000000000002,2009,solar
5,2.7106998811200005,0.6662320000000003,1.0840000000000005,1.25312,1.4878000000000005,2010,solar
6,2.3494601188799997,0.6662319999999997,1.3007999999999993,1.2531200000000002,1.4877999999999998,2011,solar
7,1.5201564000000003,0.6662320000000002,1.2574400000000008,1.25312,1.4878000000000005,2012,solar
8,1.9807680000000003,0.5700480000000001,1.0719999999999996,1.2569600000000003,1.4824,2013,solar
9,2.1409152000000002,0.5700480000000001,1.2327999999999997,1.2569600000000003,1.4824,2014,solar
10,1.8051738880000001,0.7351879040000001,1.3606,1.2516864,1.4898160000000003,2015,solar
11,1.5514895414018077,0.7259189268999349,1.2290638330877326,1.2543932982530102,1.4860094243317046,2016,solar
12,1.9632484639125034,0.6270534450786264,1.0819360443680623,1.259232741931319,1.4792039566590827,2017,solar
13,2.4534948597610504,0.7088333566418871,1.2851363645633322,1.2549969491105148,1.4851605403133386,2018,solar
14,1.8023525065633554,0.5178193364538475,1.0977407339473078,1.2622336203239053,1.4749839714195083,2019,solar
15,0.7495409338704456,0.5362966791661932,0.9954674599354092,1.2625534034117258,1.4745342764522609,2020,solar
16,1.2128066510309452,0.5247852416135081,0.8952090290666946,1.262185272050304,1.47505196117926,2021,solar
17,2.489489886781176,0.8059105309549612,1.3036778431867495,1.2488409850002022,1.4938173648434656,2022,solar
18,3.3394693106456566,0.7048391135532543,0.9959076123358841,1.2535973522309969,1.487128723425161,2023,solar
19,3.5471770317922084,0.5440951763466979,0.92142107798131,1.25952107972977,1.478798481630011,2024,solar
20,3.615773024916244,0.5604275033351303,0.9017301106030129,1.2572997204359098,1.4819222681370023,2025,solar
